"id","chapter","name","scene","roundCount","spawnCount","distinctMonsterCount","maxRoundAttackMultiple","maxRoundHpMultiple","effectiveAttackLoad","effectiveHpLoad","difficultyProxy","homeHp","enemyHomeHp","enemyHomeGold","recommendedHeroes","monsters"
"1001","1","宁静森林","image/unpack/fightscene/fightscene_01","5","45","3","34013","42342","923.3419","3907.2741","1899.4078","500","4000","300","H01:仓鼠战士;H02:仓鼠射手","Boss03:精英僵僵猫x1;M02:云云猪x35;M03:僵僵猫x9"
"1002","2","密林深处","image/unpack/fightscene/fightscene_01","8","134","3","47717","64558","6773.3515","29099.6965","14039.3189","500","8390","330","H13:火炮齿轮;H01:仓鼠战士","Boss02:精英云云猪x1;M02:云云猪x88;M03:僵僵猫x45"
"1003","3","荒漠边缘","image/unpack/fightscene/fightscene_03","10","166","5","64366","91001","11117.0036","45892.6345","22587.3545","500","9350","360","H03:仓鼠法师;H04:仓鼠骑士","Boss02:精英云云猪x1;Boss07:精英鬼鬼羊x1;M02:云云猪x89;M03:僵僵猫x34;M07:鬼鬼羊x41"
"1004","4","荒漠沙地","image/unpack/fightscene/fightscene_03","15","321","6","118571","184750","37290.0561","176129.0486","81042.3476","500","10140","390","H03:仓鼠法师;H12:雷云齿轮","Boss02:精英云云猪x1;Boss03:精英僵僵猫x1;Boss07:精英鬼鬼羊x1;M02:云云猪x220;M03:僵僵猫x41;M07:鬼鬼羊x57"
"1005","5","雪山脚下","image/unpack/fightscene/fightscene_02","15","267","6","122792","191326","33671.1248","203027.6204","82681.1245","500","10960","420","H11:治疗齿轮;H02:仓鼠射手","Boss02:精英云云猪x1;Boss03:精英僵僵猫x1;Boss07:精英鬼鬼羊x1;M02:云云猪x174;M03:僵僵猫x56;M12:先锋狼x34"
"1006","6","无尽雪山","image/unpack/fightscene/fightscene_02","15","215","5","122792","191326","31687.4952","208235.0691","81230.83","500","11820","450","H05:仓鼠召唤师;H11:治疗齿轮;H12:雷云齿轮","Boss02:精英云云猪x2;Boss07:精英鬼鬼羊x1;M02:云云猪x150;M12:先锋狼x26;M13:爆爆虫x36"
"1007","7","青绿草原","image/unpack/fightscene/fightscene_01","15","218","4","122792","191326","32582.5424","227135.3376","86027.0119","500","12100","480","H05:仓鼠召唤师;H03:仓鼠法师","Boss11:精英海马狼x3;M11:海马狼x140;M12:先锋狼x35;M13:爆爆虫x40"
"1008","8","草原咆哮","image/unpack/fightscene/fightscene_01","15","291","5","126872","197684","47927.4766","246763.9442","108750.9685","500","12390","510","H14:鲨鱼齿轮;H12:雷云齿轮","Boss01:巨型莱莱姆x2;Boss03:精英僵僵猫x1;M01:莱莱姆x182;M03:僵僵猫x48;M13:爆爆虫x58"
"1009","9","初见火山","image/unpack/fightscene/fightscene_04","15","276","6","126872","197684","44794.2592","210907.2523","97197.9122","500","12690","540","H14:鲨鱼齿轮;H13:火炮齿轮","B02:惊乍怪x1;Boss01:巨型莱莱姆x1;Boss03:精英僵僵猫x1;M01:莱莱姆x160;M03:僵僵猫x69;M05:火火炉x44"
"1010","10","火山熔岩","image/unpack/fightscene/fightscene_04","15","290","6","126872","197684","49060.2557","237509.0315","107945.6058","500","13000","570","H06:仓鼠飞行员;H13:火炮齿轮","B01:大恶魔x1;Boss02:精英云云猪x1;Boss09:巨型恶魔犬x1;M02:云云猪x180;M05:火火炉x50;M09:恶魔犬x57"
"1011","11","宁静森林","image/unpack/fightscene/fightscene_01","15","249","6","130825","203844","46822.6153","286790.9097","115880.5438","500","13310","600","H06:仓鼠飞行员;H01:仓鼠战士","B03:冰岩国王x1;Boss02:精英云云猪x1;Boss09:巨型恶魔犬x1;M02:云云猪x103;M04:冰坨坨x52;M09:恶魔犬x91"
"1012","12","密林深处","image/unpack/fightscene/fightscene_01","15","249","6","130825","203844","48918.0514","301249.9247","121394.2309","500","13630","630","H01:仓鼠战士;H02:仓鼠射手","B01:大恶魔x1;Boss06:精英冰冰狗x1;Boss09:巨型恶魔犬x1;M04:冰坨坨x52;M06:冰冰狗x118;M09:恶魔犬x76"
"1013","13","荒漠边缘","image/unpack/fightscene/fightscene_03","15","249","6","130825","203844","47417.4272","264068.8695","111899.3583","500","13960","660","H16:仓鼠怪兽;H11:治疗齿轮","B03:冰岩国王x1;Boss07:精英鬼鬼羊x1;Boss14:巨型厄厄怪x1;M04:冰坨坨x52;M05:火火炉x118;M14:厄厄怪x76"
"1014","14","荒漠沙地","image/unpack/fightscene/fightscene_03","15","296","6","130825","203844","57686.4075","337079.9814","139445.0901","500","14300","690","H16:仓鼠怪兽;H01:仓鼠战士","B03:冰岩国王x1;Boss06:精英冰冰狗x1;Boss14:巨型厄厄怪x1;M06:冰冰狗x165;M12:先锋狼x30;M14:厄厄怪x98"
"1015","15","雪山脚下","image/unpack/fightscene/fightscene_02","15","226","6","130825","203844","45069.7922","467999.3703","145233.0348","500","14640","720","H16:仓鼠怪兽;H03:仓鼠法师","B03:冰岩国王x1;Boss07:精英鬼鬼羊x1;Boss14:巨型厄厄怪x1;M04:冰坨坨x71;M12:先锋狼x79;M13:爆爆虫x73"
"1016","16","无尽雪山","image/unpack/fightscene/fightscene_02","15","296","6","130825","203844","63966.6261","228997.0343","121029.6149","500","14920","750","H17:镭射齿轮;H06:仓鼠飞行员","Boss02:精英云云猪x1;Boss03:精英僵僵猫x1;Boss10:精英脏脏蛇x1;M02:云云猪x107;M03:僵僵猫x105;M10:脏脏蛇x81"
"1017","17","青绿草原","image/unpack/fightscene/fightscene_01","15","296","6","130825","203844","71075.0414","311236.2232","148731.7298","500","15210","780","H17:镭射齿轮;H04:仓鼠骑士","Boss01:巨型莱莱姆x1;Boss10:精英脏脏蛇x1;Boss11:精英海马狼x1;M01:莱莱姆x107;M10:脏脏蛇x81;M11:海马狼x105"
"1018","18","草原咆哮","image/unpack/fightscene/fightscene_01","15","296","5","130825","203844","59612.3503","450836.0817","163937.1784","500","15500","810","H17:镭射齿轮;H05:仓鼠召唤师","Boss10:精英脏脏蛇x1;Boss11:精英海马狼x2;M10:脏脏蛇x81;M11:海马狼x107;M12:先锋狼x105"
"1019","19","初见火山","image/unpack/fightscene/fightscene_04","15","321","6","130825","203844","81264.6204","351444.7584","168997.115","500","15800","840","H03:仓鼠法师;H12:雷云齿轮","Boss02:精英云云猪x1;Boss03:精英僵僵猫x1;Boss07:精英鬼鬼羊x1;M02:云云猪x220;M03:僵僵猫x41;M07:鬼鬼羊x57"
"1020","20","火山熔岩","image/unpack/fightscene/fightscene_04","15","267","6","130825","203844","67091.2629","371461.664","157866.5011","500","16110","870","H11:治疗齿轮;H02:仓鼠射手","Boss02:精英云云猪x1;Boss03:精英僵僵猫x1;Boss07:精英鬼鬼羊x1;M02:云云猪x174;M03:僵僵猫x56;M12:先锋狼x34"
"1021","21","宁静森林","image/unpack/fightscene/fightscene_01","15","276","5","130825","203844","75738.6057","446907.8166","183978.7349","500","16420","900","H05:仓鼠召唤师;H04:仓鼠骑士","Boss02:精英云云猪x2;Boss07:精英鬼鬼羊x1;M02:云云猪x193;M12:先锋狼x30;M13:爆爆虫x50"
"1022","22","密林深处","image/unpack/fightscene/fightscene_01","15","276","4","130825","203844","73157.0239","520755.9225","195184.4089","500","16730","930","H05:仓鼠召唤师;H03:仓鼠法师","Boss11:精英海马狼x3;M11:海马狼x139;M12:先锋狼x67;M13:爆爆虫x67"
"1023","23","荒漠边缘","image/unpack/fightscene/fightscene_03","15","291","5","130825","203844","86721.7611","411491.2259","188905.3832","500","17050","960","H14:鲨鱼齿轮;H12:雷云齿轮","Boss01:巨型莱莱姆x2;Boss03:精英僵僵猫x1;M01:莱莱姆x182;M03:僵僵猫x48;M13:爆爆虫x58"
"1024","24","荒漠沙地","image/unpack/fightscene/fightscene_03","15","276","6","130825","203844","87314.2322","410664.4122","189359.0447","500","17380","990","H14:鲨鱼齿轮;H13:火炮齿轮","B02:惊乍怪x1;Boss01:巨型莱莱姆x1;Boss03:精英僵僵猫x1;M01:莱莱姆x160;M03:僵僵猫x69;M05:火火炉x44"
"1025","25","雪山脚下","image/unpack/fightscene/fightscene_02","15","290","6","130825","203844","94933.0109","459146.8642","208777.8587","500","17720","1020","H06:仓鼠飞行员;H13:火炮齿轮","B01:大恶魔x1;Boss02:精英云云猪x1;Boss09:巨型恶魔犬x1;M02:云云猪x180;M05:火火炉x50;M09:恶魔犬x57"
"1026","26","无尽雪山","image/unpack/fightscene/fightscene_02","15","249","6","130825","203844","87952.2338","538711.9234","217671.5806","500","18060","1050","H06:仓鼠飞行员;H01:仓鼠战士","B03:冰岩国王x1;Boss02:精英云云猪x1;Boss09:巨型恶魔犬x1;M02:云云猪x103;M04:冰坨坨x52;M09:恶魔犬x91"
"1027","27","青绿草原","image/unpack/fightscene/fightscene_01","15","249","6","130825","203844","91205.6954","561668.0984","226334.5522","500","18400","1080","H01:仓鼠战士;H02:仓鼠射手","B01:大恶魔x1;Boss06:精英冰冰狗x1;Boss09:巨型恶魔犬x1;M04:冰坨坨x52;M06:冰冰狗x118;M09:恶魔犬x76"
"1028","28","草原咆哮","image/unpack/fightscene/fightscene_01","15","249","6","130825","203844","88364.9087","492106.4457","208530.4322","500","18760","1110","H16:仓鼠怪兽;H11:治疗齿轮","B03:冰岩国王x1;Boss07:精英鬼鬼羊x1;Boss14:巨型厄厄怪x1;M04:冰坨坨x52;M05:火火炉x118;M14:厄厄怪x76"
"1029","29","初见火山","image/unpack/fightscene/fightscene_04","15","296","6","130825","203844","106114.5517","633904.2882","259357.8018","500","19120","1140","H16:仓鼠怪兽;H01:仓鼠战士","B03:冰岩国王x1;Boss06:精英冰冰狗x1;Boss14:巨型厄厄怪x1;M06:冰冰狗x165;M12:先锋狼x32;M14:厄厄怪x96"
"1030","30","火山熔岩","image/unpack/fightscene/fightscene_04","15","226","6","130825","203844","88871.1771","865171.3631","277288.293","500","19490","1170","H16:仓鼠怪兽;H03:仓鼠法师","B03:冰岩国王x1;Boss07:精英鬼鬼羊x1;Boss14:巨型厄厄怪x1;M04:冰坨坨x71;M12:先锋狼x79;M13:爆爆虫x73"
"1031","31","宁静森林","image/unpack/fightscene/fightscene_01","15","296","6","130825","203844","113608.9003","416128.6955","217430.2727","500","19750","1200","H17:镭射齿轮;H06:仓鼠飞行员","Boss02:精英云云猪x1;Boss03:精英僵僵猫x1;Boss10:精英脏脏蛇x1;M02:云云猪x107;M03:僵僵猫x105;M10:脏脏蛇x81"
"1032","32","密林深处","image/unpack/fightscene/fightscene_01","15","296","6","130825","203844","125285.0152","561121.1374","265141.6041","500","20030","1230","H17:镭射齿轮;H04:仓鼠骑士","Boss01:巨型莱莱姆x1;Boss10:精英脏脏蛇x1;Boss11:精英海马狼x1;M01:莱莱姆x107;M10:脏脏蛇x81;M11:海马狼x105"
"1033","33","荒漠边缘","image/unpack/fightscene/fightscene_03","15","296","5","130825","203844","104290.8818","806431.321","290005.9199","500","20300","1260","H17:镭射齿轮;H05:仓鼠召唤师","Boss10:精英脏脏蛇x1;Boss11:精英海马狼x2;M10:脏脏蛇x81;M11:海马狼x107;M12:先锋狼x105"
"1034","34","荒漠沙地","image/unpack/fightscene/fightscene_03","15","321","6","130825","203844","141973.7032","627817.5308","298552.4741","500","20580","1290","H03:仓鼠法师;H12:雷云齿轮","Boss02:精英云云猪x1;Boss03:精英僵僵猫x1;Boss07:精英鬼鬼羊x1;M02:云云猪x220;M03:僵僵猫x41;M07:鬼鬼羊x57"
"1035","35","雪山脚下","image/unpack/fightscene/fightscene_02","15","267","6","130825","203844","115405.9039","652670.2376","274448.5357","500","20860","1320","H11:治疗齿轮;H02:仓鼠射手","Boss02:精英云云猪x1;Boss03:精英僵僵猫x1;Boss07:精英鬼鬼羊x1;M02:云云猪x174;M03:僵僵猫x56;M12:先锋狼x34"
"1036","36","无尽雪山","image/unpack/fightscene/fightscene_02","15","276","5","130825","203844","129315.5307","779207.6363","317432.9048","500","21150","1350","H05:仓鼠召唤师;H04:仓鼠骑士","Boss02:精英云云猪x2;Boss07:精英鬼鬼羊x1;M02:云云猪x193;M12:先锋狼x30;M13:爆爆虫x50"
"1037","37","青绿草原","image/unpack/fightscene/fightscene_01","15","276","4","130825","203844","123016.938","893353.7122","331508.1269","500","21440","1380","H05:仓鼠召唤师;H03:仓鼠法师","Boss11:精英海马狼x3;M11:海马狼x139;M12:先锋狼x67;M13:爆爆虫x67"
"1038","38","草原咆哮","image/unpack/fightscene/fightscene_01","15","291","5","130825","203844","145630.9018","749070.979","330284.5473","500","21730","1410","H14:鲨鱼齿轮;H12:雷云齿轮","Boss01:巨型莱莱姆x2;Boss03:精英僵僵猫x1;M01:莱莱姆x182;M03:僵僵猫x48;M13:爆爆虫x58"
"1039","39","初见火山","image/unpack/fightscene/fightscene_04","15","276","6","130825","203844","142049.9627","668102.5875","308064.8433","500","22030","1440","H14:鲨鱼齿轮;H13:火炮齿轮","B02:惊乍怪x1;Boss01:巨型莱莱姆x1;Boss03:精英僵僵猫x1;M01:莱莱姆x160;M03:僵僵猫x69;M05:火火炉x44"
"1040","40","火山熔岩","image/unpack/fightscene/fightscene_04","15","290","6","130825","203844","153366.0981","741760.5566","337284.631","500","22330","1470","H06:仓鼠飞行员;H13:火炮齿轮","B01:大恶魔x1;Boss02:精英云云猪x1;Boss09:巨型恶魔犬x1;M02:云云猪x180;M05:火火炉x50;M09:恶魔犬x57"
"1041","41","宁静森林","image/unpack/fightscene/fightscene_01","15","249","6","130825","203844","140119.4331","858238.6832","346779.3502","500","22640","1500","H06:仓鼠飞行员;H01:仓鼠战士","B03:冰岩国王x1;Boss02:精英云云猪x1;Boss09:巨型恶魔犬x1;M02:云云猪x103;M04:冰坨坨x52;M09:恶魔犬x91"
"1042","42","密林深处","image/unpack/fightscene/fightscene_01","15","249","6","130825","203844","144300.2198","888637.8169","358093.0498","500","22950","1530","H01:仓鼠战士;H02:仓鼠射手","B01:大恶魔x1;Boss06:精英冰冰狗x1;Boss09:巨型恶魔犬x1;M04:冰坨坨x52;M06:冰冰狗x118;M09:恶魔犬x76"
"1043","43","荒漠边缘","image/unpack/fightscene/fightscene_03","15","249","6","130825","203844","137897.3255","767953.747","325420.9087","500","23260","1560","H16:仓鼠怪兽;H11:治疗齿轮","B03:冰岩国王x1;Boss07:精英鬼鬼羊x1;Boss14:巨型厄厄怪x1;M04:冰坨坨x52;M05:火火炉x118;M14:厄厄怪x76"
"1044","44","荒漠沙地","image/unpack/fightscene/fightscene_03","15","296","6","130825","203844","164474.555","982533.7246","401997.2601","500","23580","1590","H16:仓鼠怪兽;H01:仓鼠战士","B03:冰岩国王x1;Boss06:精英冰冰狗x1;Boss14:巨型厄厄怪x1;M06:冰冰狗x165;M12:先锋狼x32;M14:厄厄怪x96"
"1045","45","雪山脚下","image/unpack/fightscene/fightscene_02","15","226","6","130825","203844","128086.3429","1330033.3737","412745.8185","500","23900","1620","H16:仓鼠怪兽;H03:仓鼠法师","B03:冰岩国王x1;Boss07:精英鬼鬼羊x1;Boss14:巨型厄厄怪x1;M04:冰坨坨x71;M12:先锋狼x79;M13:爆爆虫x73"
"1046","46","无尽雪山","image/unpack/fightscene/fightscene_02","15","296","6","130825","203844","163586.9573","638861.9669","323279.2683","500","24230","1650","H17:镭射齿轮;H06:仓鼠飞行员","Boss02:精英云云猪x1;Boss03:精英僵僵猫x1;Boss10:精英脏脏蛇x1;M02:云云猪x107;M03:僵僵猫x105;M10:脏脏蛇x81"
"1047","47","青绿草原","image/unpack/fightscene/fightscene_01","15","296","6","130825","203844","189717.5294","860337.8133","404006.3915","500","24560","1680","H17:镭射齿轮;H04:仓鼠骑士","Boss01:巨型莱莱姆x1;Boss10:精英脏脏蛇x1;Boss11:精英海马狼x1;M01:莱莱姆x107;M10:脏脏蛇x81;M11:海马狼x105"
"1048","48","草原咆哮","image/unpack/fightscene/fightscene_01","15","296","5","130825","203844","157747.5234","1234859.3201","441356.9978","500","24900","1710","H17:镭射齿轮;H05:仓鼠召唤师","Boss10:精英脏脏蛇x1;Boss11:精英海马狼x2;M10:脏脏蛇x81;M11:海马狼x107;M12:先锋狼x105"
"1049","49","初见火山","image/unpack/fightscene/fightscene_04","15","321","6","130825","203844","213190.5293","953890.5561","450955.0228","500","25240","1740","H03:仓鼠法师;H12:雷云齿轮","Boss02:精英云云猪x1;Boss03:精英僵僵猫x1;Boss07:精英鬼鬼羊x1;M02:云云猪x220;M03:僵僵猫x41;M07:鬼鬼羊x57"
"1050","50","火山熔岩","image/unpack/fightscene/fightscene_04","15","267","6","130825","203844","173105.5232","990417.3582","414061.2454","500","25590","1770","H11:治疗齿轮;H02:仓鼠射手","Boss02:精英云云猪x1;Boss03:精英僵僵猫x1;Boss07:精英鬼鬼羊x1;M02:云云猪x174;M03:僵僵猫x56;M12:先锋狼x34"
"1051","51","宁静森林","image/unpack/fightscene/fightscene_01","15","276","5","130825","203844","193757.2453","1181028.0145","478364.6462","500","25940","1800","H05:仓鼠召唤师;H04:仓鼠骑士","Boss02:精英云云猪x2;Boss07:精英鬼鬼羊x1;M02:云云猪x193;M12:先锋狼x30;M13:爆爆虫x50"
"1052","52","密林深处","image/unpack/fightscene/fightscene_01","15","276","4","130825","203844","183374.2155","1346848.9549","496968.1785","500","26190","1830","H05:仓鼠召唤师;H03:仓鼠法师","Boss11:精英海马狼x3;M11:海马狼x139;M12:先锋狼x67;M13:爆爆虫x67"
"1053","53","荒漠边缘","image/unpack/fightscene/fightscene_03","15","291","5","130825","203844","214691.3533","1050698.7317","474948.3473","500","26440","1860","H14:鲨鱼齿轮;H12:雷云齿轮","Boss01:巨型莱莱姆x2;Boss03:精英僵僵猫x1;M01:莱莱姆x182;M03:僵僵猫x48;M13:爆爆虫x58"
"1054","54","荒漠沙地","image/unpack/fightscene/fightscene_03","15","276","6","130825","203844","196839.1357","881067.6185","416447.582","500","26690","1890","H14:鲨鱼齿轮;H13:火炮齿轮","B02:惊乍怪x1;Boss01:巨型莱莱姆x1;Boss03:精英僵僵猫x1;M01:莱莱姆x160;M03:僵僵猫x69;M05:火火炉x44"
"1055","55","雪山脚下","image/unpack/fightscene/fightscene_02","15","290","6","130825","203844","211504.8311","973779.7543","453827.1945","500","26950","1920","H06:仓鼠飞行员;H13:火炮齿轮","B01:大恶魔x1;Boss02:精英云云猪x1;Boss09:巨型恶魔犬x1;M02:云云猪x180;M05:火火炉x50;M09:恶魔犬x57"
"1056","56","无尽雪山","image/unpack/fightscene/fightscene_02","15","249","6","130825","203844","192320.4589","1121617.2444","464445.8452","500","27200","1950","H06:仓鼠飞行员;H01:仓鼠战士","B03:冰岩国王x1;Boss02:精英云云猪x1;Boss09:巨型恶魔犬x1;M02:云云猪x103;M04:冰坨坨x52;M09:恶魔犬x91"
"1057","57","青绿草原","image/unpack/fightscene/fightscene_01","15","249","6","130825","203844","197114.4899","1213881.6572","489156.0729","500","27460","1980","H01:仓鼠战士;H02:仓鼠射手","B01:大恶魔x1;Boss06:精英冰冰狗x1;Boss09:巨型恶魔犬x1;M04:冰坨坨x52;M06:冰冰狗x118;M09:恶魔犬x76"
"1058","58","草原咆哮","image/unpack/fightscene/fightscene_01","15","249","6","130825","203844","196363.9713","1093555.9991","463395.0786","500","27730","2010","H16:仓鼠怪兽;H11:治疗齿轮","B03:冰岩国王x1;Boss07:精英鬼鬼羊x1;Boss14:巨型厄厄怪x1;M04:冰坨坨x52;M05:火火炉x118;M14:厄厄怪x76"
"1059","59","初见火山","image/unpack/fightscene/fightscene_04","15","296","6","130825","203844","233046.2463","1392165.4715","569595.4155","500","27990","2040","H16:仓鼠怪兽;H01:仓鼠战士","B03:冰岩国王x1;Boss06:精英冰冰狗x1;Boss14:巨型厄厄怪x1;M06:冰冰狗x165;M12:先锋狼x32;M14:厄厄怪x96"
"1060","60","火山熔岩","image/unpack/fightscene/fightscene_04","15","226","6","130825","203844","179632.1386","1865278.7957","578847.1467","500","28260","2070","H16:仓鼠怪兽;H03:仓鼠法师","B03:冰岩国王x1;Boss07:精英鬼鬼羊x1;Boss14:巨型厄厄怪x1;M04:冰坨坨x71;M12:先锋狼x79;M13:爆爆虫x73"
"1061","61","宁静森林","image/unpack/fightscene/fightscene_01","15","296","6","130825","203844","228296.5922","891574.8074","451157.9438","500","28530","2100","H17:镭射齿轮;H06:仓鼠飞行员","Boss02:精英云云猪x1;Boss03:精英僵僵猫x1;Boss10:精英脏脏蛇x1;M02:云云猪x107;M03:僵僵猫x105;M10:脏脏蛇x81"
"1062","62","密林深处","image/unpack/fightscene/fightscene_01","15","296","6","130825","203844","248781.9547","1187557.0849","543546.4772","500","28760","2130","H17:镭射齿轮;H04:仓鼠骑士","Boss01:巨型莱莱姆x1;Boss10:精英脏脏蛇x1;Boss11:精英海马狼x1;M01:莱莱姆x107;M10:脏脏蛇x81;M11:海马狼x105"
"1063","63","荒漠边缘","image/unpack/fightscene/fightscene_03","15","296","5","130825","203844","205577.9795","1693536.9325","590045.6769","500","28990","2160","H17:镭射齿轮;H05:仓鼠召唤师","Boss10:精英脏脏蛇x1;Boss11:精英海马狼x2;M10:脏脏蛇x81;M11:海马狼x107;M12:先锋狼x105"
"1064","64","荒漠沙地","image/unpack/fightscene/fightscene_03","15","321","6","130825","203844","276115.7299","1299784.6328","599075.1059","500","29220","2190","H03:仓鼠法师;H12:雷云齿轮","Boss02:精英云云猪x1;Boss03:精英僵僵猫x1;Boss07:精英鬼鬼羊x1;M02:云云猪x220;M03:僵僵猫x41;M07:鬼鬼羊x57"
"1065","65","雪山脚下","image/unpack/fightscene/fightscene_02","15","267","6","130825","203844","222813.2469","1340880.1365","546594.7831","500","29450","2220","H11:治疗齿轮;H02:仓鼠射手","Boss02:精英云云猪x1;Boss03:精英僵僵猫x1;Boss07:精英鬼鬼羊x1;M02:云云猪x174;M03:僵僵猫x56;M12:先锋狼x34"
"1066","66","无尽雪山","image/unpack/fightscene/fightscene_02","15","276","5","130825","203844","247857.8188","1588645.6843","627501.5969","500","29690","2250","H05:仓鼠召唤师;H04:仓鼠骑士","Boss02:精英云云猪x2;Boss07:精英鬼鬼羊x1;M02:云云猪x193;M12:先锋狼x30;M13:爆爆虫x50"
"1067","67","青绿草原","image/unpack/fightscene/fightscene_01","15","276","4","130825","203844","234081.2972","1807465.9166","650456.7368","500","29920","2280","H05:仓鼠召唤师;H03:仓鼠法师","Boss11:精英海马狼x3;M11:海马狼x139;M12:先锋狼x67;M13:爆爆虫x67"
"1068","68","草原咆哮","image/unpack/fightscene/fightscene_01","15","291","5","130825","203844","285379.9567","1406710.7286","633598.4903","500","30160","2310","H14:鲨鱼齿轮;H12:雷云齿轮","Boss01:巨型莱莱姆x2;Boss03:精英僵僵猫x1;M01:莱莱姆x182;M03:僵僵猫x48;M13:爆爆虫x58"
"1069","69","初见火山","image/unpack/fightscene/fightscene_04","15","276","6","130825","203844","261051.9894","1176862.6242","554276.4016","500","30400","2340","H14:鲨鱼齿轮;H13:火炮齿轮","B02:惊乍怪x1;Boss01:巨型莱莱姆x1;Boss03:精英僵僵猫x1;M01:莱莱姆x160;M03:僵僵猫x69;M05:火火炉x44"
"1070","70","火山熔岩","image/unpack/fightscene/fightscene_04","15","290","6","130825","203844","279870.4865","1297661.1785","602641.7388","500","30650","2370","H06:仓鼠飞行员;H13:火炮齿轮","B01:大恶魔x1;Boss02:精英云云猪x1;Boss09:巨型恶魔犬x1;M02:云云猪x180;M05:火火炉x50;M09:恶魔犬x57"
"1071","71","宁静森林","image/unpack/fightscene/fightscene_01","15","249","6","130825","203844","252863.0949","1484798.7107","612740.3996","500","30890","2400","H06:仓鼠飞行员;H01:仓鼠战士","B03:冰岩国王x1;Boss02:精英云云猪x1;Boss09:巨型恶魔犬x1;M02:云云猪x103;M04:冰坨坨x52;M09:恶魔犬x91"
"1072","72","密林深处","image/unpack/fightscene/fightscene_01","15","249","6","130825","203844","258585.8846","1526918.0668","628362.5219","500","31140","2430","H01:仓鼠战士;H02:仓鼠射手","B01:大恶魔x1;Boss06:精英冰冰狗x1;Boss09:巨型恶魔犬x1;M04:冰坨坨x52;M06:冰冰狗x118;M09:恶魔犬x76"
"1073","73","荒漠边缘","image/unpack/fightscene/fightscene_03","15","249","6","130825","203844","245396.4815","1310600.3724","567112.6167","500","31380","2460","H16:仓鼠怪兽;H11:治疗齿轮","B03:冰岩国王x1;Boss07:精英鬼鬼羊x1;Boss14:巨型厄厄怪x1;M04:冰坨坨x52;M05:火火炉x118;M14:厄厄怪x76"
"1074","74","荒漠沙地","image/unpack/fightscene/fightscene_03","15","296","6","130825","203844","290326.2033","1663550.7043","694962.1285","500","31600","2490","H16:仓鼠怪兽;H01:仓鼠战士","B03:冰岩国王x1;Boss06:精英冰冰狗x1;Boss14:巨型厄厄怪x1;M06:冰冰狗x165;M12:先锋狼x32;M14:厄厄怪x96"
"1075","75","雪山脚下","image/unpack/fightscene/fightscene_02","15","226","6","130825","203844","223080.0796","2222257.0657","704088.9739","500","31820","2520","H16:仓鼠怪兽;H03:仓鼠法师","B03:冰岩国王x1;Boss07:精英鬼鬼羊x1;Boss14:巨型厄厄怪x1;M04:冰坨坨x71;M12:先锋狼x79;M13:爆爆虫x73"
"1076","76","无尽雪山","image/unpack/fightscene/fightscene_02","15","296","6","130825","203844","282625.5372","1059050.2504","547096.5599","500","32030","2550","H17:镭射齿轮;H06:仓鼠飞行员","Boss02:精英云云猪x1;Boss03:精英僵僵猫x1;Boss10:精英脏脏蛇x1;M02:云云猪x107;M03:僵僵猫x105;M10:脏脏蛇x81"
"1077","77","青绿草原","image/unpack/fightscene/fightscene_01","15","296","6","130825","203844","307637.8356","1409052.2707","658390.3027","500","32250","2580","H17:镭射齿轮;H04:仓鼠骑士","Boss01:巨型莱莱姆x1;Boss10:精英脏脏蛇x1;Boss11:精英海马狼x1;M01:莱莱姆x107;M10:脏脏蛇x81;M11:海马狼x105"
"1078","78","草原咆哮","image/unpack/fightscene/fightscene_01","15","296","5","130825","203844","253818.1858","2006626.9212","713665.4712","500","32470","2610","H17:镭射齿轮;H05:仓鼠召唤师","Boss10:精英脏脏蛇x1;Boss11:精英海马狼x2;M10:脏脏蛇x81;M11:海马狼x107;M12:先锋狼x105"
"1079","79","初见火山","image/unpack/fightscene/fightscene_04","15","321","6","130825","203844","340383.1452","1537971.8644","723532.7915","500","32690","2640","H03:仓鼠法师;H12:雷云齿轮","Boss02:精英云云猪x1;Boss03:精英僵僵猫x1;Boss07:精英鬼鬼羊x1;M02:云云猪x220;M03:僵僵猫x41;M07:鬼鬼羊x57"
"1080","80","火山熔岩","image/unpack/fightscene/fightscene_04","15","267","6","130825","203844","274250.6595","1650428.1805","672778.5794","500","32920","2670","H11:治疗齿轮;H02:仓鼠射手","Boss02:精英云云猪x1;Boss03:精英僵僵猫x1;Boss07:精英鬼鬼羊x1;M02:云云猪x174;M03:僵僵猫x56;M12:先锋狼x34"
"1081","81","宁静森林","image/unpack/fightscene/fightscene_01","15","276","5","130825","203844","316745.0523","2030178.6839","801903.3941","500","33140","2700","H05:仓鼠召唤师;H04:仓鼠骑士","Boss02:精英云云猪x2;Boss07:精英鬼鬼羊x1;M02:云云猪x193;M12:先锋狼x30;M13:爆爆虫x50"
"1082","82","密林深处","image/unpack/fightscene/fightscene_01","15","276","4","130825","203844","298633.4209","2305907.1195","829831.8693","500","33370","2730","H05:仓鼠召唤师;H03:仓鼠法师","Boss11:精英海马狼x3;M11:海马狼x139;M12:先锋狼x67;M13:爆爆虫x67"
"1083","83","荒漠边缘","image/unpack/fightscene/fightscene_03","15","291","5","130825","203844","346997.4277","1784825.1962","786975.0644","500","33600","2760","H14:鲨鱼齿轮;H12:雷云齿轮","Boss01:巨型莱莱姆x2;Boss03:精英僵僵猫x1;M01:莱莱姆x182;M03:僵僵猫x48;M13:爆爆虫x58"
"1084","84","荒漠沙地","image/unpack/fightscene/fightscene_03","15","276","6","130825","203844","316945.6392","1490688.1888","687362.4377","500","33830","2790","H14:鲨鱼齿轮;H13:火炮齿轮","B02:惊乍怪x1;Boss01:巨型莱莱姆x1;Boss03:精英僵僵猫x1;M01:莱莱姆x160;M03:僵僵猫x69;M05:火火炉x44"
"1085","85","雪山脚下","image/unpack/fightscene/fightscene_02","15","290","6","130825","203844","339288.5282","1640980.9637","746167.5522","500","34060","2820","H06:仓鼠飞行员;H13:火炮齿轮","B01:大恶魔x1;Boss02:精英云云猪x1;Boss09:巨型恶魔犬x1;M02:云云猪x180;M05:火火炉x50;M09:恶魔犬x57"
"1086","86","无尽雪山","image/unpack/fightscene/fightscene_02","15","249","6","130825","203844","307360.9388","1882601.4463","760682.6854","500","34290","2850","H06:仓鼠飞行员;H01:仓鼠战士","B03:冰岩国王x1;Boss02:精英云云猪x1;Boss09:巨型恶魔犬x1;M02:云云猪x103;M04:冰坨坨x52;M09:恶魔犬x91"
"1087","87","青绿草原","image/unpack/fightscene/fightscene_01","15","249","6","130825","203844","312671.5523","1925511.7282","775920.5765","500","34520","2880","H01:仓鼠战士;H02:仓鼠射手","B01:大恶魔x1;Boss06:精英冰冰狗x1;Boss09:巨型恶魔犬x1;M04:冰坨坨x52;M06:冰冰狗x118;M09:恶魔犬x76"
"1088","88","草原咆哮","image/unpack/fightscene/fightscene_01","15","249","6","130825","203844","296284.4144","1650015.5126","699195.1658","500","34760","2910","H16:仓鼠怪兽;H11:治疗齿轮","B03:冰岩国王x1;Boss07:精英鬼鬼羊x1;Boss14:巨型厄厄怪x1;M04:冰坨坨x52;M05:火火炉x118;M14:厄厄怪x76"
"1089","89","初见火山","image/unpack/fightscene/fightscene_04","15","296","6","130825","203844","350411.2806","2093277.5935","856450.8639","500","35000","2940","H16:仓鼠怪兽;H01:仓鼠战士","B03:冰岩国王x1;Boss06:精英冰冰狗x1;Boss14:巨型厄厄怪x1;M06:冰冰狗x165;M12:先锋狼x32;M14:厄厄怪x96"
"1090","90","火山熔岩","image/unpack/fightscene/fightscene_04","15","226","6","130825","203844","269158.8971","2794914.0235","867338.4437","500","35240","2970","H16:仓鼠怪兽;H03:仓鼠法师","B03:冰岩国王x1;Boss07:精英鬼鬼羊x1;Boss14:巨型厄厄怪x1;M04:冰坨坨x71;M12:先锋狼x79;M13:爆爆虫x73"
"1091","91","宁静森林","image/unpack/fightscene/fightscene_01","15","296","6","130825","203844","339622.8838","1326341.3365","671160.0924","500","35480","3000","H17:镭射齿轮;H06:仓鼠飞行员","Boss02:精英云云猪x1;Boss03:精英僵僵猫x1;Boss10:精英脏脏蛇x1;M02:云云猪x107;M03:僵僵猫x105;M10:脏脏蛇x81"
"1092","92","密林深处","image/unpack/fightscene/fightscene_01","15","296","6","130825","203844","371062.3849","1771260.9607","810708.5273","500","35720","3030","H17:镭射齿轮;H04:仓鼠骑士","Boss01:巨型莱莱姆x1;Boss10:精英脏脏蛇x1;Boss11:精英海马狼x1;M01:莱莱姆x107;M10:脏脏蛇x81;M11:海马狼x105"
"1093","93","荒漠边缘","image/unpack/fightscene/fightscene_03","15","296","5","130825","203844","317379.8977","2521181.9308","894523.5957","500","35960","3060","H17:镭射齿轮;H05:仓鼠召唤师","Boss10:精英脏脏蛇x1;Boss11:精英海马狼x2;M10:脏脏蛇x81;M11:海马狼x107;M12:先锋狼x105"
"1094","94","荒漠沙地","image/unpack/fightscene/fightscene_03","15","321","6","130825","203844","425427.7099","1931381.3511","906456.3669","500","36210","3090","H03:仓鼠法师;H12:雷云齿轮","Boss02:精英云云猪x1;Boss03:精英僵僵猫x1;Boss07:精英鬼鬼羊x1;M02:云云猪x220;M03:僵僵猫x41;M07:鬼鬼羊x57"
"1095","95","雪山脚下","image/unpack/fightscene/fightscene_02","15","267","6","130825","203844","341401.9116","1981416.3475","822471.4759","500","36460","3120","H11:治疗齿轮;H02:仓鼠射手","Boss02:精英云云猪x1;Boss03:精英僵僵猫x1;Boss07:精英鬼鬼羊x1;M02:云云猪x174;M03:僵僵猫x56;M12:先锋狼x34"
"1096","96","无尽雪山","image/unpack/fightscene/fightscene_02","15","276","5","130825","203844","379026.2594","2343208.9633","942410.5943","500","36700","3150","H05:仓鼠召唤师;H04:仓鼠骑士","Boss02:精英云云猪x2;Boss07:精英鬼鬼羊x1;M02:云云猪x193;M12:先锋狼x30;M13:爆爆虫x50"
"1097","97","青绿草原","image/unpack/fightscene/fightscene_01","15","276","4","130825","203844","357251.9551","2661069.8859","975024.3174","500","36960","3180","H05:仓鼠召唤师;H03:仓鼠法师","Boss11:精英海马狼x3;M11:海马狼x139;M12:先锋狼x67;M13:爆爆虫x67"
"1098","98","草原咆哮","image/unpack/fightscene/fightscene_01","15","291","5","130825","203844","416574.3148","2067250.1602","927988.8571","500","37210","3210","H14:鲨鱼齿轮;H12:雷云齿轮","Boss01:巨型莱莱姆x2;Boss03:精英僵僵猫x1;M01:莱莱姆x182;M03:僵僵猫x48;M13:爆爆虫x58"
"1099","99","初见火山","image/unpack/fightscene/fightscene_04","15","276","6","130825","203844","379049.2986","1720008.0762","807445.2643","500","37460","3240","H14:鲨鱼齿轮;H13:火炮齿轮","B02:惊乍怪x1;Boss01:巨型莱莱姆x1;Boss03:精英僵僵猫x1;M01:莱莱姆x160;M03:僵僵猫x69;M05:火火炉x44"
"1100","100","火山熔岩","image/unpack/fightscene/fightscene_04","15","290","6","130825","203844","405657.8581","1893150.3497","876339.7263","500","37720","3270","H06:仓鼠飞行员;H13:火炮齿轮","B01:大恶魔x1;Boss02:精英云云猪x1;Boss09:巨型恶魔犬x1;M02:云云猪x180;M05:火火炉x50;M09:恶魔犬x57"
"1101","101","宁静森林","image/unpack/fightscene/fightscene_01","15","249","6","130825","203844","367382.647","2171567.8397","893194.4587","500","37980","3300","H06:仓鼠飞行员;H01:仓鼠战士","B03:冰岩国王x1;Boss02:精英云云猪x1;Boss09:巨型恶魔犬x1;M02:云云猪x103;M04:冰坨坨x52;M09:恶魔犬x91"
"1102","102","密林深处","image/unpack/fightscene/fightscene_01","15","249","6","130825","203844","373729.401","2221057.8361","911084.3071","500","38230","3330","H01:仓鼠战士;H02:仓鼠射手","B01:大恶魔x1;Boss06:精英冰冰狗x1;Boss09:巨型恶魔犬x1;M04:冰坨坨x52;M06:冰冰狗x118;M09:恶魔犬x76"
"1103","103","荒漠边缘","image/unpack/fightscene/fightscene_03","15","249","6","130825","203844","354042.8592","1902984.1026","820815.4071","500","38500","3360","H16:仓鼠怪兽;H11:治疗齿轮","B03:冰岩国王x1;Boss07:精英鬼鬼羊x1;Boss14:巨型厄厄怪x1;M04:冰坨坨x52;M05:火火炉x118;M14:厄厄怪x76"
"1104","104","荒漠沙地","image/unpack/fightscene/fightscene_03","15","296","6","130825","203844","418611.706","2413858.9607","1005221.1784","500","38760","3390","H16:仓鼠怪兽;H01:仓鼠战士","B03:冰岩国王x1;Boss06:精英冰冰狗x1;Boss14:巨型厄厄怪x1;M06:冰冰狗x165;M12:先锋狼x32;M14:厄厄怪x96"
"1105","105","雪山脚下","image/unpack/fightscene/fightscene_02","15","226","6","130825","203844","321454.3358","3222453.2914","1017777.7668","500","39020","3420","H16:仓鼠怪兽;H03:仓鼠法师","B03:冰岩国王x1;Boss07:精英鬼鬼羊x1;Boss14:巨型厄厄怪x1;M04:冰坨坨x71;M12:先锋狼x79;M13:爆爆虫x73"
"1106","106","无尽雪山","image/unpack/fightscene/fightscene_02","15","296","6","130825","203844","405611.3512","1529237.0335","787575.9642","500","39290","3450","H17:镭射齿轮;H06:仓鼠飞行员","Boss02:精英云云猪x1;Boss03:精英僵僵猫x1;Boss10:精英脏脏蛇x1;M02:云云猪x107;M03:僵僵猫x105;M10:脏脏蛇x81"
"1107","107","青绿草原","image/unpack/fightscene/fightscene_01","15","296","6","130825","203844","443037.257","2114831.9784","967961.4449","500","39560","3480","H17:镭射齿轮;H04:仓鼠骑士","Boss01:巨型莱莱姆x1;Boss10:精英脏脏蛇x1;Boss11:精英海马狼x1;M01:莱莱姆x107;M10:脏脏蛇x81;M11:海马狼x105"
"1108","108","草原咆哮","image/unpack/fightscene/fightscene_01","15","296","5","130825","203844","377865.3311","3112828.0149","1084541.2803","500","39830","3510","H17:镭射齿轮;H05:仓鼠召唤师","Boss10:精英脏脏蛇x1;Boss11:精英海马狼x2;M10:脏脏蛇x81;M11:海马狼x107;M12:先锋狼x105"
"1109","109","初见火山","image/unpack/fightscene/fightscene_04","15","321","6","130825","203844","504702.0057","2375829.5529","1095027.8263","500","40100","3540","H03:仓鼠法师;H12:雷云齿轮","Boss02:精英云云猪x1;Boss03:精英僵僵猫x1;Boss07:精英鬼鬼羊x1;M02:云云猪x220;M03:僵僵猫x41;M07:鬼鬼羊x57"
"1110","110","火山熔岩","image/unpack/fightscene/fightscene_04","15","267","6","130825","203844","406363.5577","2445477.6823","996871.6122","500","40380","3570","H11:治疗齿轮;H02:仓鼠射手","Boss02:精英云云猪x1;Boss03:精英僵僵猫x1;Boss07:精英鬼鬼羊x1;M02:云云猪x174;M03:僵僵猫x56;M12:先锋狼x34"
"1111","111","宁静森林","image/unpack/fightscene/fightscene_01","15","276","5","130825","203844","451033.4123","2890900.4658","1141881.2117","500","40650","3600","H05:仓鼠召唤师;H04:仓鼠骑士","Boss02:精英云云猪x2;Boss07:精英鬼鬼羊x1;M02:云云猪x193;M12:先锋狼x30;M13:爆爆虫x50"
"1112","112","密林深处","image/unpack/fightscene/fightscene_01","15","276","4","130825","203844","423624.806","3271031.9336","1177153.4599","500","40930","3630","H05:仓鼠召唤师;H03:仓鼠法师","Boss11:精英海马狼x3;M11:海马狼x139;M12:先锋狼x67;M13:爆爆虫x67"
"1113","113","荒漠边缘","image/unpack/fightscene/fightscene_03","15","291","5","130825","203844","493850.429","2540182.1989","1120031.2803","500","41210","3660","H14:鲨鱼齿轮;H12:雷云齿轮","Boss01:巨型莱莱姆x2;Boss03:精英僵僵猫x1;M01:莱莱姆x182;M03:僵僵猫x48;M13:爆爆虫x58"
"1114","114","荒漠沙地","image/unpack/fightscene/fightscene_03","15","276","6","130825","203844","450847.4137","2120467.4601","977756.2427","500","41490","3690","H14:鲨鱼齿轮;H13:火炮齿轮","B02:惊乍怪x1;Boss01:巨型莱莱姆x1;Boss03:精英僵僵猫x1;M01:莱莱姆x160;M03:僵僵猫x69;M05:火火炉x44"
"1115","115","雪山脚下","image/unpack/fightscene/fightscene_02","15","290","6","130825","203844","480801.2082","2325412.0442","1057383.9985","500","41770","3720","H06:仓鼠飞行员;H13:火炮齿轮","B01:大恶魔x1;Boss02:精英云云猪x1;Boss09:巨型恶魔犬x1;M02:云云猪x180;M05:火火炉x50;M09:恶魔犬x57"
"1116","116","无尽雪山","image/unpack/fightscene/fightscene_02","15","249","6","130825","203844","435336.6651","2666459.3055","1077407.7695","500","42060","3750","H06:仓鼠飞行员;H01:仓鼠战士","B03:冰岩国王x1;Boss02:精英云云猪x1;Boss09:巨型恶魔犬x1;M02:云云猪x103;M04:冰坨坨x52;M09:恶魔犬x91"
"1117","117","青绿草原","image/unpack/fightscene/fightscene_01","15","249","6","130825","203844","444305.6436","2736148.272","1102581.5702","500","42350","3780","H01:仓鼠战士;H02:仓鼠射手","B01:大恶魔x1;Boss06:精英冰冰狗x1;Boss09:巨型恶魔犬x1;M04:冰坨坨x52;M06:冰冰狗x118;M09:恶魔犬x76"
"1118","118","草原咆哮","image/unpack/fightscene/fightscene_01","15","249","6","130825","203844","419434.4938","2335841.4677","989814.3683","500","42630","3810","H16:仓鼠怪兽;H11:治疗齿轮","B03:冰岩国王x1;Boss07:精英鬼鬼羊x1;Boss14:巨型厄厄怪x1;M04:冰坨坨x52;M05:火火炉x118;M14:厄厄怪x76"
"1119","119","初见火山","image/unpack/fightscene/fightscene_04","15","296","6","130825","203844","495812.5175","2961871.6373","1211830.4473","500","42930","3840","H16:仓鼠怪兽;H01:仓鼠战士","B03:冰岩国王x1;Boss06:精英冰冰狗x1;Boss14:巨型厄厄怪x1;M06:冰冰狗x165;M12:先锋狼x32;M14:厄厄怪x96"
"1120","120","火山熔岩","image/unpack/fightscene/fightscene_04","15","226","6","130825","203844","380653.3312","3952658.9874","1226618.4455","500","43220","3870","H16:仓鼠怪兽;H03:仓鼠法师","B03:冰岩国王x1;Boss07:精英鬼鬼羊x1;Boss14:巨型厄厄怪x1;M04:冰坨坨x71;M12:先锋狼x79;M13:爆爆虫x73"
"1121","121","宁静森林","image/unpack/fightscene/fightscene_01","15","296","6","130825","203844","480308.7387","1875766.8131","949182.3809","500","43510","3900","H17:镭射齿轮;H06:仓鼠飞行员","Boss02:精英云云猪x1;Boss03:精英僵僵猫x1;Boss10:精英脏脏蛇x1;M02:云云猪x107;M03:僵僵猫x105;M10:脏脏蛇x81"
"1122","122","密林深处","image/unpack/fightscene/fightscene_01","15","296","6","130825","203844","541427.7608","2503734.3871","1164298.6312","500","43810","3930","H17:镭射齿轮;H04:仓鼠骑士","Boss01:巨型莱莱姆x1;Boss10:精英脏脏蛇x1;Boss11:精英海马狼x1;M01:莱莱姆x107;M10:脏脏蛇x81;M11:海马狼x105"
"1123","123","荒漠边缘","image/unpack/fightscene/fightscene_03","15","296","5","130825","203844","446296.7666","3562028.2807","1260841.665","500","44110","3960","H17:镭射齿轮;H05:仓鼠召唤师","Boss10:精英脏脏蛇x1;Boss11:精英海马狼x2;M10:脏脏蛇x81;M11:海马狼x107;M12:先锋狼x105"
"1124","124","荒漠沙地","image/unpack/fightscene/fightscene_03","15","321","6","130825","203844","596102.2289","2718672.723","1273030.5848","500","44410","3990","H03:仓鼠法师;H12:雷云齿轮","Boss02:精英云云猪x1;Boss03:精英僵僵猫x1;Boss07:精英鬼鬼羊x1;M02:云云猪x220;M03:僵僵猫x41;M07:鬼鬼羊x57"
"1125","125","雪山脚下","image/unpack/fightscene/fightscene_02","15","267","6","130825","203844","479857.0021","2798086.4785","1158741.2952","500","44720","4020","H11:治疗齿轮;H02:仓鼠射手","Boss02:精英云云猪x1;Boss03:精英僵僵猫x1;Boss07:精英鬼鬼羊x1;M02:云云猪x174;M03:僵僵猫x56;M12:先锋狼x34"
"1126","126","无尽雪山","image/unpack/fightscene/fightscene_02","15","276","5","130825","203844","532499.1939","3307390.1043","1327095.537","500","45020","4050","H05:仓鼠召唤师;H04:仓鼠骑士","Boss02:精英云云猪x2;Boss07:精英鬼鬼羊x1;M02:云云猪x193;M12:先锋狼x30;M13:爆爆虫x50"
"1127","127","青绿草原","image/unpack/fightscene/fightscene_01","15","276","4","130825","203844","500139.7564","3742278.7205","1368087.1199","500","45330","4080","H05:仓鼠召唤师;H03:仓鼠法师","Boss11:精英海马狼x3;M11:海马狼x139;M12:先锋狼x67;M13:爆爆虫x67"
"1128","128","草原咆哮","image/unpack/fightscene/fightscene_01","15","291","5","130825","203844","582929.6596","2905826.0064","1301496.1256","500","45640","4110","H14:鲨鱼齿轮;H12:雷云齿轮","Boss01:巨型莱莱姆x2;Boss03:精英僵僵猫x1;M01:莱莱姆x182;M03:僵僵猫x48;M13:爆爆虫x58"
"1129","129","初见火山","image/unpack/fightscene/fightscene_04","15","276","6","130825","203844","530423.1829","2417737.0839","1132441.5214","500","45950","4140","H14:鲨鱼齿轮;H13:火炮齿轮","B02:惊乍怪x1;Boss01:巨型莱莱姆x1;Boss03:精英僵僵猫x1;M01:莱莱姆x160;M03:僵僵猫x69;M05:火火炉x44"
"1130","130","火山熔岩","image/unpack/fightscene/fightscene_04","15","290","6","130825","203844","567413.0516","2659861.366","1228511.3164","500","46260","4170","H06:仓鼠飞行员;H13:火炮齿轮","B01:大恶魔x1;Boss02:精英云云猪x1;Boss09:巨型恶魔犬x1;M02:云云猪x180;M05:火火炉x50;M09:恶魔犬x57"
"1131","131","宁静森林","image/unpack/fightscene/fightscene_01","15","249","6","130825","203844","513655.117","3049655.2219","1251587.396","500","46580","4200","H06:仓鼠飞行员;H01:仓鼠战士","B03:冰岩国王x1;Boss02:精英云云猪x1;Boss09:巨型恶魔犬x1;M02:云云猪x103;M04:冰坨坨x52;M09:恶魔犬x91"
"1132","132","密林深处","image/unpack/fightscene/fightscene_01","15","249","6","130825","203844","522527.361","3119145.8882","1276651.5067","500","46900","4230","H01:仓鼠战士;H02:仓鼠射手","B01:大恶魔x1;Boss06:精英冰冰狗x1;Boss09:巨型恶魔犬x1;M04:冰坨坨x52;M06:冰冰狗x118;M09:恶魔犬x76"
"1133","133","荒漠边缘","image/unpack/fightscene/fightscene_03","15","249","6","130825","203844","494792.2162","2671241.2335","1149656.1963","500","47220","4260","H16:仓鼠怪兽;H11:治疗齿轮","B03:冰岩国王x1;Boss07:精英鬼鬼羊x1;Boss14:巨型厄厄怪x1;M04:冰坨坨x52;M05:火火炉x118;M14:厄厄怪x76"
"1134","134","荒漠沙地","image/unpack/fightscene/fightscene_03","15","296","6","130825","203844","584777.5835","3386826.7703","1407316.7286","500","47540","4290","H16:仓鼠怪兽;H01:仓鼠战士","B03:冰岩国王x1;Boss06:精英冰冰狗x1;Boss14:巨型厄厄怪x1;M06:冰冰狗x165;M12:先锋狼x32;M14:厄厄怪x96"
"1135","135","雪山脚下","image/unpack/fightscene/fightscene_02","15","226","6","130825","203844","447502.6758","4505130.2907","1419879.5231","500","47870","4320","H16:仓鼠怪兽;H03:仓鼠法师","B03:冰岩国王x1;Boss07:精英鬼鬼羊x1;Boss14:巨型厄厄怪x1;M04:冰坨坨x71;M12:先锋狼x79;M13:爆爆虫x73"
"1136","136","无尽雪山","image/unpack/fightscene/fightscene_02","15","296","6","130825","203844","566376.304","2144662.2037","1102127.8747","500","48190","4350","H17:镭射齿轮;H06:仓鼠飞行员","Boss02:精英云云猪x1;Boss03:精英僵僵猫x1;Boss10:精英脏脏蛇x1;M02:云云猪x107;M03:僵僵猫x105;M10:脏脏蛇x81"
"1137","137","青绿草原","image/unpack/fightscene/fightscene_01","15","296","6","130825","203844","616503.7663","2853425.7878","1326328.6715","500","48520","4380","H17:镭射齿轮;H04:仓鼠骑士","Boss01:巨型莱莱姆x1;Boss10:精英脏脏蛇x1;Boss11:精英海马狼x1;M01:莱莱姆x107;M10:脏脏蛇x81;M11:海马狼x105"
"1138","138","草原咆哮","image/unpack/fightscene/fightscene_01","15","296","5","130825","203844","508137.5276","4186001.2047","1458445.8518","500","48850","4410","H17:镭射齿轮;H05:仓鼠召唤师","Boss10:精英脏脏蛇x1;Boss11:精英海马狼x2;M10:脏脏蛇x81;M11:海马狼x107;M12:先锋狼x105"
"1139","139","初见火山","image/unpack/fightscene/fightscene_04","15","321","6","130825","203844","701326.0093","3301415.569","1521633.5321","500","49190","4440","H03:仓鼠法师;H12:雷云齿轮","Boss02:精英云云猪x1;Boss03:精英僵僵猫x1;Boss07:精英鬼鬼羊x1;M02:云云猪x220;M03:僵僵猫x41;M07:鬼鬼羊x57"
"1140","140","火山熔岩","image/unpack/fightscene/fightscene_04","15","267","6","130825","203844","562808.7449","3386957.8093","1380655.4507","500","49520","4470","H11:治疗齿轮;H02:仓鼠射手","Boss02:精英云云猪x1;Boss03:精英僵僵猫x1;Boss07:精英鬼鬼羊x1;M02:云云猪x174;M03:僵僵猫x56;M12:先锋狼x34"
"1141","141","宁静森林","image/unpack/fightscene/fightscene_01","15","276","5","130825","203844","624441.6061","4002360.9803","1580898.706","500","49860","4500","H05:仓鼠召唤师;H04:仓鼠骑士","Boss02:精英云云猪x2;Boss07:精英鬼鬼羊x1;M02:云云猪x193;M12:先锋狼x30;M13:爆爆虫x50"
"1142","142","密林深处","image/unpack/fightscene/fightscene_01","15","276","4","130825","203844","586492.7825","4528622.0099","1629725.168","500","50200","4530","H05:仓鼠召唤师;H03:仓鼠法师","Boss11:精英海马狼x3;M11:海马狼x139;M12:先锋狼x67;M13:爆爆虫x67"
"1143","143","荒漠边缘","image/unpack/fightscene/fightscene_03","15","291","5","130825","203844","683461.1457","3515468.9231","1550060.1336","500","50550","4560","H14:鲨鱼齿轮;H12:雷云齿轮","Boss01:巨型莱莱姆x2;Boss03:精英僵僵猫x1;M01:莱莱姆x182;M03:僵僵猫x48;M13:爆爆虫x58"
"1144","144","荒漠沙地","image/unpack/fightscene/fightscene_03","15","276","6","130825","203844","623715.8409","2933518.3141","1352657.3261","500","50890","4590","H14:鲨鱼齿轮;H13:火炮齿轮","B02:惊乍怪x1;Boss01:巨型莱莱姆x1;Boss03:精英僵僵猫x1;M01:莱莱姆x160;M03:僵僵猫x69;M05:火火炉x44"
"1145","145","雪山脚下","image/unpack/fightscene/fightscene_02","15","290","6","130825","203844","665153.749","3217039.6266","1462814.3999","500","51240","4620","H06:仓鼠飞行员;H13:火炮齿轮","B01:大恶魔x1;Boss02:精英云云猪x1;Boss09:巨型恶魔犬x1;M02:云云猪x180;M05:火火炉x50;M09:恶魔犬x57"
"1146","146","无尽雪山","image/unpack/fightscene/fightscene_02","15","249","6","130825","203844","602033.5645","3687486.3269","1489963.2671","500","51590","4650","H06:仓鼠飞行员;H01:仓鼠战士","B03:冰岩国王x1;Boss02:精英云云猪x1;Boss09:巨型恶魔犬x1;M02:云云猪x103;M04:冰坨坨x52;M09:恶魔犬x91"
"1147","147","青绿草原","image/unpack/fightscene/fightscene_01","15","249","6","130825","203844","612434.3169","3771527.8254","1519806.9178","500","51940","4680","H01:仓鼠战士;H02:仓鼠射手","B01:大恶魔x1;Boss06:精英冰冰狗x1;Boss09:巨型恶魔犬x1;M04:冰坨坨x52;M06:冰冰狗x118;M09:恶魔犬x76"
"1148","148","草原咆哮","image/unpack/fightscene/fightscene_01","15","249","6","130825","203844","579827.6184","3229074.8973","1368322.6255","500","52300","4710","H16:仓鼠怪兽;H11:治疗齿轮","B03:冰岩国王x1;Boss07:精英鬼鬼羊x1;Boss14:巨型厄厄怪x1;M04:冰坨坨x52;M05:火火炉x118;M14:厄厄怪x76"
"1149","149","初见火山","image/unpack/fightscene/fightscene_04","15","296","6","130825","203844","685165.6396","4093024.285","1674634.1697","500","52650","4740","H16:仓鼠怪兽;H01:仓鼠战士","B03:冰岩国王x1;Boss06:精英冰冰狗x1;Boss14:巨型厄厄怪x1;M06:冰冰狗x165;M12:先锋狼x32;M14:厄厄怪x96"
"1150","150","火山熔岩","image/unpack/fightscene/fightscene_04","15","226","6","130825","203844","524325.408","5444532.7707","1689587.7799","500","53010","4770","H16:仓鼠怪兽;H03:仓鼠法师","B03:冰岩国王x1;Boss07:精英鬼鬼羊x1;Boss14:巨型厄厄怪x1;M04:冰坨坨x71;M12:先锋狼x79;M13:爆爆虫x73"
"1151","151","宁静森林","image/unpack/fightscene/fightscene_01","15","296","6","130825","203844","663496.1248","2591175.0321","1311195.8635","500","53370","4800","H17:镭射齿轮;H06:仓鼠飞行员","Boss02:精英云云猪x1;Boss03:精英僵僵猫x1;Boss10:精英脏脏蛇x1;M02:云云猪x107;M03:僵僵猫x105;M10:脏脏蛇x81"
"1152","152","密林深处","image/unpack/fightscene/fightscene_01","15","296","6","130825","203844","722220.3596","3447508.5059","1577929.2864","500","53740","4830","H17:镭射齿轮;H04:仓鼠骑士","Boss01:巨型莱莱姆x1;Boss10:精英脏脏蛇x1;Boss11:精英海马狼x1;M01:莱莱姆x107;M10:脏脏蛇x81;M11:海马狼x105"
"1153","153","荒漠边缘","image/unpack/fightscene/fightscene_03","15","296","5","130825","203844","595171.6221","4902981.9526","1708249.315","500","54110","4860","H17:镭射齿轮;H05:仓鼠召唤师","Boss10:精英脏脏蛇x1;Boss11:精英海马狼x2;M10:脏脏蛇x81;M11:海马狼x107;M12:先锋狼x105"
"1154","154","荒漠沙地","image/unpack/fightscene/fightscene_03","15","321","6","130825","203844","820009.5692","3752871.0144","1754249.1681","500","54480","4890","H03:仓鼠法师;H12:雷云齿轮","Boss02:精英云云猪x1;Boss03:精英僵僵猫x1;Boss07:精英鬼鬼羊x1;M02:云云猪x220;M03:僵僵猫x41;M07:鬼鬼羊x57"
"1155","155","雪山脚下","image/unpack/fightscene/fightscene_02","15","267","6","130825","203844","658048.277","3850096.557","1591712.727","500","54850","4920","H11:治疗齿轮;H02:仓鼠射手","Boss02:精英云云猪x1;Boss03:精英僵僵猫x1;Boss07:精英鬼鬼羊x1;M02:云云猪x174;M03:僵僵猫x56;M12:先锋狼x34"
"1156","156","无尽雪山","image/unpack/fightscene/fightscene_02","15","276","5","130825","203844","729998.8777","4549324.8875","1822361.6716","500","55220","4950","H05:仓鼠召唤师;H04:仓鼠骑士","Boss02:精英云云猪x2;Boss07:精英鬼鬼羊x1;M02:云云猪x193;M12:先锋狼x30;M13:爆爆虫x50"
"1157","157","青绿草原","image/unpack/fightscene/fightscene_01","15","276","4","130825","203844","685635.3069","5147499.3948","1878645.0776","500","55600","4980","H05:仓鼠召唤师;H03:仓鼠法师","Boss11:精英海马狼x3;M11:海马狼x139;M12:先锋狼x67;M13:爆爆虫x67"
"1158","158","草原咆哮","image/unpack/fightscene/fightscene_01","15","291","5","130825","203844","798874.6505","3995599.4729","1786612.1942","500","55980","5010","H14:鲨鱼齿轮;H12:雷云齿轮","Boss01:巨型莱莱姆x2;Boss03:精英僵僵猫x1;M01:莱莱姆x182;M03:僵僵猫x48;M13:爆爆虫x58"
"1159","159","初见火山","image/unpack/fightscene/fightscene_04","15","276","6","130825","203844","726916.7242","3324459.7078","1554543.4573","500","56360","5040","H14:鲨鱼齿轮;H13:火炮齿轮","B02:惊乍怪x1;Boss01:巨型莱莱姆x1;Boss03:精英僵僵猫x1;M01:莱莱姆x160;M03:僵僵猫x69;M05:火火炉x44"
"1160","160","火山熔岩","image/unpack/fightscene/fightscene_04","15","290","6","130825","203844","777355.5411","3656145.8144","1685860.3762","500","56750","5070","H06:仓鼠飞行员;H13:火炮齿轮","B01:大恶魔x1;Boss02:精英云云猪x1;Boss09:巨型恶魔犬x1;M02:云云猪x180;M05:火火炉x50;M09:恶魔犬x57"
"1161","161","宁静森林","image/unpack/fightscene/fightscene_01","15","249","6","130825","203844","701551.0721","4178648.392","1712172.6722","500","57130","5100","H06:仓鼠飞行员;H01:仓鼠战士","B03:冰岩国王x1;Boss02:精英云云猪x1;Boss09:巨型恶魔犬x1;M02:云云猪x103;M04:冰坨坨x52;M09:恶魔犬x91"
"1162","162","密林深处","image/unpack/fightscene/fightscene_01","15","249","6","130825","203844","715632.8469","4285986.8424","1751340.3341","500","57520","5130","H01:仓鼠战士;H02:仓鼠射手","B01:大恶魔x1;Boss06:精英冰冰狗x1;Boss09:巨型恶魔犬x1;M04:冰坨坨x52;M06:冰冰狗x118;M09:恶魔犬x76"
"1163","163","荒漠边缘","image/unpack/fightscene/fightscene_03","15","249","6","130825","203844","677431.1864","3669267.013","1576602.6468","500","57920","5160","H16:仓鼠怪兽;H11:治疗齿轮","B03:冰岩国王x1;Boss07:精英鬼鬼羊x1;Boss14:巨型厄厄怪x1;M04:冰坨坨x52;M05:火火炉x118;M14:厄厄怪x76"
"1164","164","荒漠沙地","image/unpack/fightscene/fightscene_03","15","296","6","130825","203844","798191.7378","4637586.9595","1923975.9859","500","58310","5190","H16:仓鼠怪兽;H01:仓鼠战士","B03:冰岩国王x1;Boss06:精英冰冰狗x1;Boss14:巨型厄厄怪x1;M06:冰冰狗x165;M12:先锋狼x32;M14:厄厄怪x96"
"1165","165","雪山脚下","image/unpack/fightscene/fightscene_02","15","226","6","130825","203844","612492.5477","6186281.583","1946548.5782","500","58710","5220","H16:仓鼠怪兽;H03:仓鼠法师","B03:冰岩国王x1;Boss07:精英鬼鬼羊x1;Boss14:巨型厄厄怪x1;M04:冰坨坨x71;M12:先锋狼x79;M13:爆爆虫x73"
"1166","166","无尽雪山","image/unpack/fightscene/fightscene_02","15","296","6","130825","203844","772839.8689","2935737.7949","1506271.9584","500","59110","5250","H17:镭射齿轮;H06:仓鼠飞行员","Boss02:精英云云猪x1;Boss03:精英僵僵猫x1;Boss10:精英脏脏蛇x1;M02:云云猪x107;M03:僵僵猫x105;M10:脏脏蛇x81"
"1167","167","青绿草原","image/unpack/fightscene/fightscene_01","15","296","6","130825","203844","843539.1681","3916916.0728","1817710.6826","500","59520","5280","H17:镭射齿轮;H04:仓鼠骑士","Boss01:巨型莱莱姆x1;Boss10:精英脏脏蛇x1;Boss11:精英海马狼x1;M01:莱莱姆x107;M10:脏脏蛇x81;M11:海马狼x105"
"1168","168","草原咆哮","image/unpack/fightscene/fightscene_01","15","296","5","130825","203844","693158.6547","5554607.9566","1962198.9142","500","59920","5310","H17:镭射齿轮;H05:仓鼠召唤师","Boss10:精英脏脏蛇x1;Boss11:精英海马狼x2;M10:脏脏蛇x81;M11:海马狼x107;M12:先锋狼x105"
"1169","169","初见火山","image/unpack/fightscene/fightscene_04","15","321","6","130825","203844","928352.64","4251369.4714","1986647.9487","500","60330","5340","H03:仓鼠法师;H12:雷云齿轮","Boss02:精英云云猪x1;Boss03:精英僵僵猫x1;Boss07:精英鬼鬼羊x1;M02:云云猪x220;M03:僵僵猫x41;M07:鬼鬼羊x57"
"1170","170","火山熔岩","image/unpack/fightscene/fightscene_04","15","267","6","130825","203844","744992.6348","4361510.6799","1802579.6329","500","60740","5370","H11:治疗齿轮;H02:仓鼠射手","Boss02:精英云云猪x1;Boss03:精英僵僵猫x1;Boss07:精英鬼鬼羊x1;M02:云云猪x174;M03:僵僵猫x56;M12:先锋狼x34"
"1171","171","宁静森林","image/unpack/fightscene/fightscene_01","15","276","5","130825","203844","826401.4564","5153275.9372","2063655.6737","500","61160","5400","H05:仓鼠召唤师;H04:仓鼠骑士","Boss02:精英云云猪x2;Boss07:精英鬼鬼羊x1;M02:云云猪x193;M12:先锋狼x30;M13:爆爆虫x50"
"1172","172","密林深处","image/unpack/fightscene/fightscene_01","15","276","4","130825","203844","778280.6022","6009517.5432","2162658.3024","500","61580","5430","H05:仓鼠召唤师;H03:仓鼠法师","Boss11:精英海马狼x3;M11:海马狼x139;M12:先锋狼x67;M13:爆爆虫x67"
"1173","173","荒漠边缘","image/unpack/fightscene/fightscene_03","15","291","5","130825","203844","904318.1883","4651475.0803","2050954.2944","500","62000","5460","H14:鲨鱼齿轮;H12:雷云齿轮","Boss01:巨型莱莱姆x2;Boss03:精英僵僵猫x1;M01:莱莱姆x182;M03:僵僵猫x48;M13:爆爆虫x58"
"1174","174","荒漠沙地","image/unpack/fightscene/fightscene_03","15","276","6","130825","203844","847326.0681","3985222.7184","1837602.5404","500","62420","5490","H14:鲨鱼齿轮;H13:火炮齿轮","B02:惊乍怪x1;Boss01:巨型莱莱姆x1;Boss03:精英僵僵猫x1;M01:莱莱姆x160;M03:僵僵猫x69;M05:火火炉x44"
"1175","175","雪山脚下","image/unpack/fightscene/fightscene_02","15","290","6","130825","203844","903625.9556","4370418.8858","1987265.4433","500","62850","5520","H06:仓鼠飞行员;H13:火炮齿轮","B01:大恶魔x1;Boss02:精英云云猪x1;Boss09:巨型恶魔犬x1;M02:云云猪x180;M05:火火炉x50;M09:恶魔犬x57"
"1176","176","无尽雪山","image/unpack/fightscene/fightscene_02","15","249","6","130825","203844","817643.5556","5008108.5336","2023572.9956","500","63280","5550","H06:仓鼠飞行员;H01:仓鼠战士","B03:冰岩国王x1;Boss02:精英云云猪x1;Boss09:巨型恶魔犬x1;M02:云云猪x103;M04:冰坨坨x52;M09:恶魔犬x91"
"1177","177","青绿草原","image/unpack/fightscene/fightscene_01","15","249","6","130825","203844","831767.5067","5122237.9435","2064100.5506","500","63710","5580","H01:仓鼠战士;H02:仓鼠射手","B01:大恶魔x1;Boss06:精英冰冰狗x1;Boss09:巨型恶魔犬x1;M04:冰坨坨x52;M06:冰冰狗x118;M09:恶魔犬x76"
"1178","178","草原咆哮","image/unpack/fightscene/fightscene_01","15","249","6","130825","203844","787263.2401","4384289.2018","1857845.4518","500","64140","5610","H16:仓鼠怪兽;H11:治疗齿轮","B03:冰岩国王x1;Boss07:精英鬼鬼羊x1;Boss14:巨型厄厄怪x1;M04:冰坨坨x52;M05:火火炉x118;M14:厄厄怪x76"
"1179","179","初见火山","image/unpack/fightscene/fightscene_04","15","296","6","130825","203844","927602.2887","5541285.8952","2267180.9541","500","64580","5640","H16:仓鼠怪兽;H01:仓鼠战士","B03:冰岩国王x1;Boss06:精英冰冰狗x1;Boss14:巨型厄厄怪x1;M06:冰冰狗x165;M12:先锋狼x32;M14:厄厄怪x96"
"1180","180","火山熔岩","image/unpack/fightscene/fightscene_04","15","226","6","130825","203844","711704.8079","7390258.2075","2293399.7248","500","65020","5670","H16:仓鼠怪兽;H03:仓鼠法师","B03:冰岩国王x1;Boss07:精英鬼鬼羊x1;Boss14:巨型厄厄怪x1;M04:冰坨坨x71;M12:先锋狼x79;M13:爆爆虫x73"
"1181","181","宁静森林","image/unpack/fightscene/fightscene_01","15","296","6","130825","203844","898026.132","3507093.417","1774672.2334","500","65470","5700","H17:镭射齿轮;H06:仓鼠飞行员","Boss02:精英云云猪x1;Boss03:精英僵僵猫x1;Boss10:精英脏脏蛇x1;M02:云云猪x107;M03:僵僵猫x105;M10:脏脏蛇x81"
"1182","182","密林深处","image/unpack/fightscene/fightscene_01","15","296","6","130825","203844","980054.6886","4678276.9695","2141253.6699","500","65920","5730","H17:镭射齿轮;H04:仓鼠骑士","Boss01:巨型莱莱姆x1;Boss10:精英脏脏蛇x1;Boss11:精英海马狼x1;M01:莱莱姆x107;M10:脏脏蛇x81;M11:海马狼x105"
"1183","183","荒漠边缘","image/unpack/fightscene/fightscene_03","15","296","5","130825","203844","805335.652","6634298.445","2311457.7789","500","66370","5760","H17:镭射齿轮;H05:仓鼠召唤师","Boss10:精英脏脏蛇x1;Boss11:精英海马狼x2;M10:脏脏蛇x81;M11:海马狼x107;M12:先锋狼x105"
"1184","184","荒漠沙地","image/unpack/fightscene/fightscene_03","15","321","6","130825","203844","1078454.8959","5076708.6012","2339872.0576","500","66820","5790","H03:仓鼠法师;H12:雷云齿轮","Boss02:精英云云猪x1;Boss03:精英僵僵猫x1;Boss07:精英鬼鬼羊x1;M02:云云猪x220;M03:僵僵猫x41;M07:鬼鬼羊x57"
"1185","185","雪山脚下","image/unpack/fightscene/fightscene_02","15","267","6","130825","203844","865447.6303","5208225.0619","2123074.6662","500","67280","5820","H11:治疗齿轮;H02:仓鼠射手","Boss02:精英云云猪x1;Boss03:精英僵僵猫x1;Boss07:精英鬼鬼羊x1;M02:云云猪x174;M03:僵僵猫x56;M12:先锋狼x34"
"1186","186","无尽雪山","image/unpack/fightscene/fightscene_02","15","276","5","130825","203844","959898.8508","6152475.5364","2430175.7544","500","67740","5850","H05:仓鼠召唤师;H04:仓鼠骑士","Boss02:精英云云猪x2;Boss07:精英鬼鬼羊x1;M02:云云猪x193;M12:先锋狼x30;M13:爆爆虫x50"
"1187","187","青绿草原","image/unpack/fightscene/fightscene_01","15","276","4","130825","203844","903890.2831","6979416.5468","2511697.9911","500","68200","5880","H05:仓鼠召唤师;H03:仓鼠法师","Boss11:精英海马狼x3;M11:海马狼x139;M12:先锋狼x67;M13:爆爆虫x67"
"1188","188","草原咆哮","image/unpack/fightscene/fightscene_01","15","291","5","130825","203844","1050268.4129","5402188.5365","2381963.0519","500","68660","5910","H14:鲨鱼齿轮;H12:雷云齿轮","Boss01:巨型莱莱姆x2;Boss03:精英僵僵猫x1;M01:莱莱姆x182;M03:僵僵猫x48;M13:爆爆虫x58"
"1189","189","初见火山","image/unpack/fightscene/fightscene_04","15","276","6","130825","203844","958130.027","4506366.1965","2077903.9356","500","69130","5940","H14:鲨鱼齿轮;H13:火炮齿轮","B02:惊乍怪x1;Boss01:巨型莱莱姆x1;Boss03:精英僵僵猫x1;M01:莱莱姆x160;M03:僵僵猫x69;M05:火火炉x44"
"1190","190","火山熔岩","image/unpack/fightscene/fightscene_04","15","290","6","130825","203844","1021790.3076","4941924.9525","2247133.9562","500","69600","5970","H06:仓鼠飞行员;H13:火炮齿轮","B01:大恶魔x1;Boss02:精英云云猪x1;Boss09:巨型恶魔犬x1;M02:云云猪x180;M05:火火炉x50;M09:恶魔犬x57"
"1191","191","宁静森林","image/unpack/fightscene/fightscene_01","15","249","6","130825","203844","948223.921","5662721.9415","2317224.2884","500","70080","6000","H06:仓鼠飞行员;H01:仓鼠战士","B03:冰岩国王x1;Boss02:精英云云猪x1;Boss09:巨型恶魔犬x1;M02:云云猪x103;M04:冰坨坨x52;M09:恶魔犬x91"
"1192","192","密林深处","image/unpack/fightscene/fightscene_01","15","249","6","130825","203844","964601.2232","5791773.4257","2363631.048","500","70560","6030","H01:仓鼠战士;H02:仓鼠射手","B01:大恶魔x1;Boss06:精英冰冰狗x1;Boss09:巨型恶魔犬x1;M04:冰坨坨x52;M06:冰冰狗x118;M09:恶魔犬x76"
"1193","193","荒漠边缘","image/unpack/fightscene/fightscene_03","15","249","6","130825","203844","912884.012","4957095.7508","2127264.3129","500","71040","6060","H16:仓鼠怪兽;H11:治疗齿轮","B03:冰岩国王x1;Boss07:精英鬼鬼羊x1;Boss14:巨型厄厄怪x1;M04:冰坨坨x52;M05:火火炉x118;M14:厄厄怪x76"
"1194","194","荒漠沙地","image/unpack/fightscene/fightscene_03","15","296","6","130825","203844","1075617.3877","6265248.6806","2595960.404","500","71530","6090","H16:仓鼠怪兽;H01:仓鼠战士","B03:冰岩国王x1;Boss06:精英冰冰狗x1;Boss14:巨型厄厄怪x1;M06:冰冰狗x165;M12:先锋狼x32;M14:厄厄怪x96"
"1195","195","雪山脚下","image/unpack/fightscene/fightscene_02","15","226","6","130825","203844","825171.6868","8355351.5206","2625756.94","500","72010","6120","H16:仓鼠怪兽;H03:仓鼠法师","B03:冰岩国王x1;Boss07:精英鬼鬼羊x1;Boss14:巨型厄厄怪x1;M04:冰坨坨x71;M12:先锋狼x79;M13:爆爆虫x73"
"1196","196","无尽雪山","image/unpack/fightscene/fightscene_02","15","296","6","130825","203844","1041198.2086","3965073.5352","2031853.2087","500","72510","6150","H17:镭射齿轮;H06:仓鼠飞行员","Boss02:精英云云猪x1;Boss03:精英僵僵猫x1;Boss10:精英脏脏蛇x1;M02:云云猪x107;M03:僵僵猫x105;M10:脏脏蛇x81"
"1197","197","青绿草原","image/unpack/fightscene/fightscene_01","15","296","6","130825","203844","1136169.5264","5288914.2175","2451347.2136","500","73000","6180","H17:镭射齿轮;H04:仓鼠骑士","Boss01:巨型莱莱姆x1;Boss10:精英脏脏蛇x1;Boss11:精英海马狼x1;M01:莱莱姆x107;M10:脏脏蛇x81;M11:海马狼x105"
"1198","198","草原咆哮","image/unpack/fightscene/fightscene_01","15","296","5","130825","203844","933622.1359","7500268.2753","2646207.9448","500","73500","6210","H17:镭射齿轮;H05:仓鼠召唤师","Boss10:精英脏脏蛇x1;Boss11:精英海马狼x2;M10:脏脏蛇x81;M11:海马狼x107;M12:先锋狼x105"
"1199","199","初见火山","image/unpack/fightscene/fightscene_04","15","321","6","130825","203844","1250099.4891","5739050.5849","2678504.0982","500","74000","6240","H03:仓鼠法师;H12:雷云齿轮","Boss02:精英云云猪x1;Boss03:精英僵僵猫x1;Boss07:精英鬼鬼羊x1;M02:云云猪x220;M03:僵僵猫x41;M07:鬼鬼羊x57"
"1200","200","火山熔岩","image/unpack/fightscene/fightscene_04","15","267","6","130825","203844","1003192.8485","5887750.6079","2430339.3392","500","74510","6270","H11:治疗齿轮;H02:仓鼠射手","Boss02:精英云云猪x1;Boss03:精英僵僵猫x1;Boss07:精英鬼鬼羊x1;M02:云云猪x174;M03:僵僵猫x56;M12:先锋狼x34"
